{"stats":{"minecraft:dropped":{"minecraft:crafting_table":1,"minecraft:cobblestone":2,"minecraft:granite":1,"gravestone:obituary":17,"minecraft:raw_copper":4,"minecraft:pointed_dripstone":1,"minecraft:golden_leggings":1},"minecraft:used":{"minecraft:iron_bars":1,"minecraft:stone_sword":51,"minecraft:chest":1,"minecraft:spruce_planks":31,"minecraft:shield":11,"minecraft:iron_sword":241,"minecraft:torch":136,"minecraft:dirt":1,"minecraft:carrot":5,"naturalist:cooked_bass":3,"minecraft:wooden_axe":32,"minecraft:oak_stairs":1,"minecraft:stone_bricks":1,"minecraft:bow":4,"minecraft:furnace":5,"minecraft:cooked_beef":3,"alexsmobs:cooked_catfish":6,"minecraft:stone_pickaxe":133,"minecraft:baked_potato":6,"minecraft:oak_planks":24,"minecraft:wooden_pickaxe":21,"minecraft:cracked_stone_bricks":15,"minecraft:golden_apple":15,"minecraft:crafting_table":7,"minecraft:lime_bed":23,"minecraft:spruce_log":1,"minecraft:oak_log":1,"minecraft:apple":7,"minecraft:bread":2,"minecraft:string":1,"minecraft:iron_pickaxe":275,"minecraft:spruce_sapling":7,"minecraft:golden_leggings":1,"minecraft:golden_helmet":1,"minecraft:stone_axe":97,"minecraft:cobblestone":66,"minecraft:potion":1,"minecraft:cooked_rabbit":1},"minecraft:mined":{"naturalist:cattail":11,"minecraft:spruce_planks":1,"farmersdelight:onions":1,"minecraft:mossy_cobblestone":10,"minecraft:potted_wither_rose":1,"minecraft:cobblestone_stairs":5,"minecraft:nether_bricks":1,"gravestone:gravestone":86,"minecraft:granite":1,"unusualprehistory:plant_fossil":2,"minecraft:spawner":18,"minecraft:tall_seagrass":2,"minecraft:furnace":3,"minecraft:carrots":2,"minecraft:mossy_cobblestone_stairs":2,"minecraft:fire":1,"treechop:chopped_log":6,"minecraft:mossy_stone_brick_stairs":2,"minecraft:bookshelf":6,"minecraft:pointed_dripstone":5,"minecraft:vine":15,"minecraft:iron_bars":22,"minecraft:oak_stairs":1,"farmersdelight:rice_panicles":1,"minecraft:stone":226,"minecraft:quartz_block":5,"minecraft:crafting_table":4,"minecraft:torch":17,"minecraft:calcite":2,"farmersdelight:cabbages":1,"minecraft:copper_ore":14,"minecraft:cobblestone":41,"minecraft:oak_planks":10,"minecraft:wall_torch":6,"minecraft:black_stained_glass":2,"minecraft:lime_bed":24,"naturalist:duckweed":2,"minecraft:torchflower":1,"minecraft:infested_mossy_stone_bricks":2,"minecraft:stone_brick_stairs":4,"minecraft:grass":4,"minecraft:oak_log":21,"minecraft:pitcher_crop":1,"minecraft:dirt":4,"minecraft:cracked_stone_bricks":21,"minecraft:stone_bricks":10,"minecraft:small_dripleaf":1,"minecraft:netherrack":1,"minecraft:mossy_stone_bricks":10,"minecraft:fern":1},"minecraft:killed_by":{"minecraft:wither_skeleton":4,"minecraft:stray":1,"minecraft:spider":2,"mowziesmobs:ferrous_wroughtnaut":70,"minecraft:skeleton":9,"minecraft:zombie":4},"minecraft:killed":{"minecraft:cave_spider":1,"minecraft:spider":9,"minecraft:skeleton":19,"minecraft:silverfish":9,"minecraft:drowned":1,"alexsmobs:catfish":2,"minecraft:zombie":17,"minecraft:stray":7,"minecraft:wither_skeleton":5},"minecraft:broken":{"minecraft:golden_helmet":1,"minecraft:leather_leggings":2,"minecraft:iron_boots":1,"minecraft:chainmail_helmet":1,"minecraft:leather_chestplate":1},"minecraft:crafted":{"naturalist:cooked_catfish":1,"minecraft:oak_planks":80,"minecraft:furnace":2,"naturalist:cooked_bass":4,"minecraft:stone_pickaxe":2,"minecraft:chest":1,"alexsmobs:cooked_catfish":5,"sophisticatedbackpacks:iron_backpack":1,"minecraft:crafting_table":5,"minecraft:spruce_planks":288,"minecraft:wooden_pickaxe":2,"minecraft:iron_sword":1,"sophisticatedbackpacks:gold_backpack":1,"minecraft:stone_axe":2,"minecraft:air":0,"minecraft:charcoal":19,"minecraft:stick":156,"minecraft:iron_pickaxe":2,"minecraft:wooden_axe":1,"minecraft:stone_sword":2,"minecraft:torch":192},"minecraft:picked_up":{"minecraft:charcoal":19,"minecraft:crafting_table":5,"minecraft:chainmail_boots":1,"iceandfire:witherbone":1,"minecraft:flower_pot":1,"minecraft:leather_leggings":1,"farmersdelight:rice_panicle":1,"minecraft:oak_stairs":1,"minecraft:cooked_rabbit":3,"minecraft:wither_rose":1,"minecraft:stone_brick_stairs":3,"gravestone:obituary":38,"alexsmobs:cooked_catfish":1,"minecraft:string":12,"minecraft:raw_copper":27,"minecraft:iron_leggings":1,"minecraft:cracked_stone_bricks":21,"farmersdelight:cabbage":1,"minecraft:spruce_planks":118,"minecraft:calcite":2,"unusualprehistory:plant_fossil_item":2,"minecraft:iron_pickaxe":2,"naturalist:catfish":1,"minecraft:sugar_cane":2,"farmersdelight:cabbage_seeds":4,"minecraft:furnace":3,"minecraft:tipped_arrow":3,"minecraft:stick":10,"minecraft:torch":26,"sophisticatedbackpacks:backpack":1,"minecraft:pointed_dripstone":5,"minecraft:carrot":7,"minecraft:golden_chestplate":1,"minecraft:quartz_block":5,"minecraft:arrow":41,"minecraft:rotten_flesh":17,"farmersdelight:onion":2,"minecraft:iron_bars":23,"minecraft:cobblestone":263,"minecraft:lime_bed":24,"minecraft:torchflower":1,"paraglider:spirit_orb":26,"minecraft:oak_log":22,"minecraft:cobblestone_stairs":3,"minecraft:dirt":5,"naturalist:bass":4,"minecraft:bone":39,"minecraft:stone_bricks":11,"minecraft:bow":3,"minecraft:mossy_stone_bricks":9,"minecraft:mossy_stone_brick_stairs":1,"minecraft:oak_planks":10,"minecraft:book":6,"minecraft:pitcher_plant":1,"naturalist:cattail_fluff":22,"minecraft:spruce_sapling":20,"minecraft:spruce_log":238,"minecraft:spider_eye":3,"minecraft:mossy_cobblestone":10,"alexsmobs:raw_catfish":20,"minecraft:chainmail_leggings":1,"minecraft:granite":1,"minecraft:mossy_cobblestone_stairs":2,"minecraft:chainmail_helmet":1,"minecraft:coal":2},"minecraft:custom":{"minecraft:mob_kills":70,"minecraft:interact_with_crafting_table":16,"minecraft:eat_cake_slice":1,"minecraft:leave_game":1,"minecraft:time_since_death":15073,"minecraft:climb_one_cm":7126,"minecraft:sprint_one_cm":604780,"minecraft:walk_one_cm":929993,"minecraft:damage_blocked_by_shield":755,"minecraft:drop":23,"minecraft:damage_dealt_absorbed":80,"minecraft:play_time":205704,"minecraft:deaths":90,"minecraft:sneak_time":1067,"minecraft:walk_under_water_one_cm":13270,"minecraft:jump":1689,"minecraft:walk_on_water_one_cm":27192,"minecraft:total_world_time":205704,"minecraft:interact_with_furnace":19,"minecraft:sleep_in_bed":5,"minecraft:time_since_rest":5049,"minecraft:damage_taken":31361,"minecraft:damage_absorbed":543,"minecraft:damage_dealt":12848,"minecraft:swim_one_cm":16377,"minecraft:fly_one_cm":198426,"minecraft:open_chest":111,"minecraft:crouch_one_cm":2157,"minecraft:fall_one_cm":30334}},"DataVersion":3465}