{"stats":{"minecraft:crafted":{"minecraft:oak_planks":40,"minecraft:furnace":2,"iceandfire:lectern":1,"naturalist:cooked_bass":5,"minecraft:white_carpet":3,"minecraft:iron_bars":16,"minecraft:iron_axe":1,"minecraft:stone_pickaxe":3,"minecraft:chest":5,"minecraft:stone_hoe":1,"iceandfire:silver_ingot":7,"minecraft:cooked_porkchop":17,"minecraft:crafting_table":2,"minecraft:wooden_pickaxe":1,"minecraft:stone_axe":1,"minecraft:air":0,"portablemobs:basic_capture_cell":2,"minecraft:stick":36,"minecraft:stone_sword":1,"minecraft:gold_ingot":30,"minecraft:acacia_door":3,"minecraft:acacia_planks":136,"minecraft:torch":4,"iceandfire:silver_hoe":1},"minecraft:picked_up":{"minecraft:crafting_table":6,"minecraft:coarse_dirt":1,"minecraft:wheat":1,"minecraft:sandstone_slab":1,"minecraft:lead":6,"minecraft:enchanted_book":1,"gravestone:obituary":10,"iceandfire:manuscript":22,"minecraft:string":22,"minecraft:raw_copper":6,"minecraft:acacia_door":1,"minecraft:iron_leggings":1,"minecraft:birch_fence":1,"minecraft:iron_shovel":1,"minecraft:beetroot":11,"iceandfire:bestiary":4,"paraglider:rito_goddess_statue":6,"minecraft:gold_nugget":526,"farmersdelight:cabbage":9,"iceandfire:myrmex_desert_resin":2,"minecraft:azalea":2,"minecraft:chest":5,"minecraft:melon_slice":320,"minecraft:sugar_cane":28,"iceandfire:podium_acacia":1,"farmersdelight:cabbage_seeds":29,"unusualprehistory:tar_fossil_item":4,"minecraft:stick":77,"minecraft:sandstone":1,"iceandfire:dragonbone":2,"iceandfire:troll_tusk":1,"minecraft:brown_terracotta":8,"minecraft:oak_fence":8,"minecraft:torch":16,"minecraft:acacia_log":204,"minecraft:sandstone_wall":1,"minecraft:porkchop":34,"farmersdelight:tomato_seeds":12,"minecraft:carrot":39,"minecraft:orange_bed":8,"iceandfire:lightning_lily":1,"minecraft:rotten_flesh":13,"minecraft:beetroot_seeds":47,"minecraft:hay_block":369,"iceandfire:myrmex_desert_chitin":2,"minecraft:saddle":2,"minecraft:gold_ingot":1,"paraglider:horned_statue":1,"minecraft:obsidian":5,"minecraft:mutton":9,"minecraft:bone_block":38,"alexsmobs:kangaroo_meat":6,"minecraft:white_wool":19,"minecraft:cobblestone":69,"farmersdelight:rice":14,"minecraft:andesite":261,"minecraft:leather":2,"alexsmobs:acacia_blossom":13,"minecraft:potato":8,"minecraft:packed_mud":35,"minecraft:oak_log":15,"minecraft:paper":7,"minecraft:dirt":22,"minecraft:cooked_mutton":1,"naturalist:bass":15,"minecraft:acacia_planks":70,"minecraft:apple":4,"iceandfire:pixie_jar_empty":2,"minecraft:kelp":28,"minecraft:wheat_seeds":13,"minecraft:iron_ingot":8,"naturalist:snail_shell":2,"minecraft:acacia_sapling":78,"minecraft:iron_sword":1,"minecraft:oak_planks":1,"iceandfire:copper_nugget":90,"minecraft:pumpkin":41,"iceandfire:podium_birch":1,"minecraft:gravel":1,"minecraft:sand":26,"iceandfire:myrmex_stinger":2,"alexsmobs:animal_dictionary":1,"minecraft:mossy_cobblestone":2,"alexsmobs:kangaroo_hide":8,"alexsmobs:guster_eye":1,"minecraft:diamond":2,"iceandfire:lectern":1,"minecraft:honey_block":18,"minecraft:granite":1,"minecraft:emerald":5,"minecraft:oak_sapling":30,"iceandfire:silver_nugget":140,"minecraft:coal":91,"iceandfire:raw_silver":6},"minecraft:custom":{"minecraft:mob_kills":33,"minecraft:interact_with_crafting_table":23,"minecraft:leave_game":7,"minecraft:time_since_death":151,"minecraft:climb_one_cm":3258,"minecraft:sprint_one_cm":288400,"minecraft:walk_one_cm":682806,"minecraft:drop":66,"minecraft:talked_to_villager":6,"minecraft:play_time":300364,"minecraft:deaths":19,"minecraft:sneak_time":6617,"minecraft:walk_under_water_one_cm":61992,"minecraft:jump":2718,"minecraft:walk_on_water_one_cm":57969,"minecraft:total_world_time":300364,"minecraft:interact_with_furnace":9,"minecraft:sleep_in_bed":16,"minecraft:time_since_rest":0,"minecraft:damage_taken":8021,"minecraft:damage_dealt":6649,"minecraft:swim_one_cm":48475,"minecraft:fly_one_cm":332349,"minecraft:open_chest":107,"minecraft:crouch_one_cm":11501,"minecraft:fall_one_cm":57988},"minecraft:killed_by":{"iceandfire:myrmex_worker":1,"iceandfire:cyclops":5,"minecraft:iron_golem":3,"minecraft:zombie":3,"alexsmobs:kangaroo":4,"iceandfire:cockatrice":1,"iceandfire:myrmex_soldier":1},"minecraft:used":{"iceandfire:lectern":1,"minecraft:oak_fence":4,"minecraft:stone_sword":83,"minecraft:acacia_log":3,"minecraft:chest":6,"minecraft:iron_sword":65,"minecraft:stone_hoe":144,"minecraft:orange_bed":7,"minecraft:torch":20,"minecraft:dirt":1,"iceandfire:lightning_lily":1,"minecraft:iron_axe":214,"iceandfire:podium_birch":1,"minecraft:furnace":2,"minecraft:acacia_planks":8,"minecraft:stone_pickaxe":350,"minecraft:oak_planks":1,"minecraft:wooden_pickaxe":16,"minecraft:white_wool":6,"minecraft:sand":4,"minecraft:crafting_table":7,"minecraft:apple":1,"minecraft:acacia_door":4,"minecraft:iron_pickaxe":81,"minecraft:bread":42,"minecraft:stone_axe":96,"iceandfire:silver_hoe":113,"minecraft:cobblestone":5,"minecraft:cooked_porkchop":5,"minecraft:andesite":57,"alexsmobs:animal_dictionary":2},"minecraft:broken":{"minecraft:stone_pickaxe":2},"minecraft:dropped":{"minecraft:wheat_seeds":5,"minecraft:mossy_cobblestone":2,"minecraft:crafting_table":1,"minecraft:sandstone_slab":1,"minecraft:oak_fence":4,"iceandfire:podium_acacia":1,"minecraft:apple":1,"minecraft:granite":1,"minecraft:coal":24,"minecraft:stick":2,"minecraft:dirt":8,"naturalist:bass":5,"minecraft:melon_slice":54,"gravestone:obituary":16,"minecraft:sand":16,"minecraft:gravel":1,"minecraft:coarse_dirt":1,"minecraft:raw_copper":6,"minecraft:wheat":1,"minecraft:beetroot":1,"minecraft:rotten_flesh":7,"minecraft:andesite":18,"iceandfire:bestiary":1,"minecraft:sandstone":1,"minecraft:wooden_pickaxe":1},"minecraft:killed":{"minecraft:spider":1,"naturalist:snail":1,"minecraft:skeleton":2,"naturalist:bass":5,"minecraft:drowned":1,"alexsmobs:kangaroo":2,"iceandfire:myrmex_worker":1,"minecraft:pig":8,"iceandfire:cyclops":1,"alexsmobs:catfish":1,"minecraft:trader_llama":2,"minecraft:zombie":4,"iceandfire:myrmex_soldier":1,"unusualprehistory:sludge":1,"minecraft:villager":2},"minecraft:mined":{"iceandfire:lightning_lily":1,"iceandfire:silver_ore":3,"minecraft:mossy_cobblestone":2,"iceandfire:copper_pile":15,"paraglider:rito_goddess_statue":3,"gravestone:gravestone":16,"minecraft:granite":1,"minecraft:acacia_log":3,"minecraft:grass_block":3,"iceandfire:lectern":2,"farmersdelight:wild_cabbages":15,"minecraft:kelp":1,"minecraft:sandstone":1,"minecraft:hay_block":241,"minecraft:carrots":13,"minecraft:packed_mud":35,"minecraft:iron_ore":3,"minecraft:andesite":203,"minecraft:pumpkin":22,"treechop:chopped_log":27,"minecraft:potatoes":2,"iceandfire:gold_pile":59,"minecraft:azalea":1,"minecraft:stone":50,"minecraft:bone_block":39,"minecraft:orange_bed":7,"iceandfire:pixie_jar_empty":1,"minecraft:sandstone_slab":1,"minecraft:glass_pane":3,"minecraft:kelp_plant":5,"minecraft:blue_stained_glass":23,"iceandfire:podium_acacia":1,"minecraft:oak_fence":4,"minecraft:smooth_sandstone":1,"minecraft:crafting_table":5,"minecraft:torch":6,"minecraft:honey_block":15,"minecraft:melon":32,"minecraft:chest":5,"minecraft:lime_carpet":1,"minecraft:copper_ore":2,"minecraft:tall_grass":16,"minecraft:cobblestone":2,"farmersdelight:wild_tomatoes":5,"minecraft:oak_planks":1,"minecraft:sugar_cane":7,"minecraft:wall_torch":9,"farmersdelight:wild_beetroots":15,"minecraft:coarse_dirt":1,"farmersdelight:sandy_shrub":4,"paraglider:horned_statue":1,"minecraft:wheat":5,"iceandfire:podium_birch":1,"unusualprehistory:tar":195,"minecraft:grass":62,"iceandfire:silver_pile":26,"minecraft:oak_log":4,"minecraft:coal_ore":45,"minecraft:beetroots":7,"minecraft:dirt":8,"minecraft:acacia_door":1,"minecraft:sand":20,"minecraft:sandstone_wall":1,"minecraft:cobweb":15,"minecraft:brown_terracotta":8,"minecraft:oak_leaves":17,"minecraft:birch_fence":1,"minecraft:fern":1}},"DataVersion":3465}