{"stats":{"minecraft:picked_up":{"minecraft:stick":2,"minecraft:crafting_table":3,"minecraft:allium":7,"minecraft:sand":1,"minecraft:porkchop":6,"minecraft:oak_log":5,"minecraft:carrot":8,"minecraft:spider_eye":1,"minecraft:string":10,"minecraft:rotten_flesh":3,"minecraft:apple":1,"minecraft:beetroot_seeds":11,"minecraft:wheat_seeds":15,"farmersdelight:onion":3,"minecraft:light_gray_wool":1,"minecraft:oak_sapling":5,"minecraft:sugar_cane":13,"minecraft:mutton":13,"minecraft:white_wool":8,"minecraft:cobblestone":13},"minecraft:dropped":{"gravestone:obituary":1},"minecraft:crafted":{"minecraft:oak_planks":20,"minecraft:crafting_table":1,"minecraft:stick":12,"minecraft:wooden_pickaxe":1,"minecraft:stone_pickaxe":1,"minecraft:wooden_axe":1,"minecraft:stone_sword":1,"minecraft:stone_axe":1},"minecraft:used":{"minecraft:wooden_axe":1,"minecraft:stone_sword":29,"minecraft:stone_pickaxe":6,"minecraft:oak_planks":4,"minecraft:wooden_pickaxe":6,"minecraft:stone_axe":28,"minecraft:crafting_table":3,"minecraft:oak_sapling":5,"alexsmobs:animal_dictionary":2},"minecraft:killed":{"minecraft:sheep":9,"minecraft:cave_spider":1,"minecraft:zombie":1,"minecraft:pig":3,"iceandfire:ghost":1},"minecraft:custom":{"minecraft:time_since_rest":3555,"minecraft:sprint_one_cm":36315,"minecraft:damage_taken":2760,"minecraft:walk_one_cm":129484,"minecraft:trigger_trapped_chest":2,"minecraft:mob_kills":15,"minecraft:drop":1,"minecraft:damage_dealt":1842,"minecraft:swim_one_cm":9765,"minecraft:interact_with_crafting_table":3,"minecraft:fly_one_cm":111017,"minecraft:crouch_one_cm":49,"minecraft:play_time":42309,"minecraft:deaths":12,"minecraft:sneak_time":58,"minecraft:walk_under_water_one_cm":96494,"minecraft:jump":596,"minecraft:leave_game":3,"minecraft:walk_on_water_one_cm":8633,"minecraft:time_since_death":3427,"minecraft:total_world_time":42309,"minecraft:fall_one_cm":11891},"minecraft:mined":{"farmersdelight:wild_beetroots":11,"farmersdelight:wild_onions":3,"farmersdelight:sandy_shrub":2,"farmersdelight:wild_carrots":9,"treechop:chopped_log":1,"minecraft:crafting_table":3,"gravestone:gravestone":7,"minecraft:grass":214,"minecraft:vine":1,"minecraft:cobweb":11,"minecraft:tall_grass":81,"minecraft:cobblestone":10,"minecraft:stone":2,"minecraft:sugar_cane":5},"minecraft:killed_by":{"iceandfire:ghost":6,"minecraft:cave_spider":1,"minecraft:zombie":3}},"DataVersion":3465}