{"stats":{"minecraft:custom":{"minecraft:mob_kills":14,"minecraft:interact_with_crafting_table":4,"minecraft:leave_game":2,"minecraft:time_since_death":24234,"minecraft:climb_one_cm":1008,"minecraft:time_since_rest":24274,"minecraft:sprint_one_cm":21064,"minecraft:damage_taken":940,"minecraft:walk_one_cm":100778,"minecraft:damage_dealt":759,"minecraft:swim_one_cm":18666,"minecraft:fly_one_cm":27097,"minecraft:crouch_one_cm":1009,"minecraft:play_time":38658,"minecraft:deaths":3,"minecraft:sneak_time":566,"minecraft:walk_under_water_one_cm":8026,"minecraft:boat_one_cm":2340,"minecraft:jump":519,"minecraft:walk_on_water_one_cm":10058,"minecraft:total_world_time":38658,"minecraft:fall_one_cm":10432},"minecraft:mined":{"iceandfire:silver_ore":2,"minecraft:crafting_table":4,"gravestone:gravestone":2,"minecraft:grass_block":6,"minecraft:melon":9,"minecraft:dead_bush":1,"minecraft:tall_grass":47,"minecraft:moss_block":2,"minecraft:wall_torch":1,"minecraft:iron_ore":1,"minecraft:pumpkin":3,"treechop:chopped_log":3,"minecraft:grass":43,"minecraft:oak_log":1,"minecraft:coal_ore":42,"minecraft:vine":2,"minecraft:dirt":1,"minecraft:stone":23,"minecraft:oak_leaves":10,"minecraft:fern":5},"minecraft:killed_by":{"minecraft:skeleton":1,"minecraft:spider":1,"alexsmobs:leafcutter_ant":1},"minecraft:picked_up":{"minecraft:crafting_table":4,"minecraft:jungle_boat":2,"minecraft:feather":6,"minecraft:chicken":4,"minecraft:jungle_log":30,"minecraft:salmon":4,"minecraft:oak_log":7,"minecraft:string":1,"minecraft:dirt":4,"minecraft:wheat_seeds":9,"mowziesmobs:foliaath_seed":2,"minecraft:jungle_sapling":6,"minecraft:melon_slice":49,"naturalist:snail_shell":1,"minecraft:egg":1,"minecraft:stick":7,"minecraft:raw_iron":1,"naturalist:duck":2,"minecraft:pumpkin":3,"minecraft:torch":1,"naturalist:duck_egg":3,"minecraft:arrow":2,"minecraft:slime_ball":1,"alexsmobs:emu_egg":1,"minecraft:oak_sapling":3,"minecraft:coal":42,"iceandfire:raw_silver":2,"minecraft:cobblestone":21},"minecraft:used":{"minecraft:stone_pickaxe":27,"minecraft:wooden_pickaxe":41,"minecraft:jungle_boat":2,"minecraft:torch":8,"minecraft:crafting_table":4,"minecraft:wooden_axe":36,"minecraft:melon_slice":5,"minecraft:stone_axe":1,"alexsmobs:animal_dictionary":2},"minecraft:killed":{"minecraft:salmon":4,"naturalist:duck":2,"alexsmobs:emu":1,"naturalist:snail":3,"minecraft:chicken":4},"minecraft:crafted":{"minecraft:oak_planks":4,"minecraft:crafting_table":2,"minecraft:jungle_boat":2,"minecraft:wooden_pickaxe":2,"minecraft:stone_axe":1,"minecraft:jungle_planks":120,"minecraft:stick":48,"minecraft:stone_pickaxe":1,"minecraft:wooden_axe":2,"minecraft:torch":48}},"DataVersion":3465}