{"stats":{"minecraft:dropped":{"minecraft:wheat_seeds":5,"minecraft:mossy_cobblestone":2,"minecraft:crafting_table":1,"minecraft:sandstone_slab":1,"minecraft:oak_fence":4,"iceandfire:podium_acacia":1,"minecraft:apple":1,"minecraft:granite":1,"minecraft:coal":24,"minecraft:stick":2,"minecraft:dirt":8,"naturalist:bass":5,"minecraft:melon_slice":54,"gravestone:obituary":16,"minecraft:sand":16,"minecraft:gravel":1,"minecraft:coarse_dirt":1,"minecraft:raw_copper":6,"minecraft:wheat":1,"minecraft:beetroot":1,"minecraft:rotten_flesh":7,"sophisticatedbackpacks:backpack":1,"minecraft:andesite":18,"iceandfire:bestiary":1,"minecraft:sandstone":1,"minecraft:wooden_pickaxe":1},"minecraft:killed":{"minecraft:spider":1,"naturalist:snail":1,"minecraft:skeleton":2,"naturalist:bass":5,"minecraft:drowned":1,"alexsmobs:kangaroo":2,"iceandfire:myrmex_worker":1,"minecraft:husk":1,"minecraft:pig":8,"iceandfire:cyclops":1,"alexsmobs:emu":2,"minecraft:trader_llama":2,"alexsmobs:catfish":1,"minecraft:zombie":4,"iceandfire:myrmex_soldier":1,"unusualprehistory:sludge":1,"minecraft:villager":2},"minecraft:custom":{"minecraft:mob_kills":37,"minecraft:interact_with_crafting_table":28,"minecraft:leave_game":10,"minecraft:time_since_death":187,"minecraft:climb_one_cm":5355,"minecraft:sprint_one_cm":351648,"minecraft:walk_one_cm":752386,"minecraft:drop":67,"minecraft:talked_to_villager":6,"minecraft:play_time":338596,"minecraft:deaths":25,"minecraft:sneak_time":7067,"minecraft:walk_under_water_one_cm":80413,"minecraft:boat_one_cm":296110,"minecraft:jump":3285,"minecraft:walk_on_water_one_cm":74726,"minecraft:total_world_time":338596,"minecraft:interact_with_furnace":9,"minecraft:sleep_in_bed":17,"minecraft:time_since_rest":223,"minecraft:damage_taken":9985,"minecraft:damage_dealt":7824,"minecraft:swim_one_cm":142206,"minecraft:fly_one_cm":415437,"minecraft:open_chest":108,"minecraft:crouch_one_cm":12653,"minecraft:fall_one_cm":71669},"minecraft:crafted":{"minecraft:oak_planks":60,"minecraft:birch_boat":1,"minecraft:furnace":2,"iceandfire:lectern":1,"naturalist:cooked_bass":5,"minecraft:white_carpet":3,"minecraft:iron_bars":16,"minecraft:iron_axe":1,"minecraft:stone_pickaxe":3,"minecraft:chest":6,"minecraft:stone_hoe":1,"sophisticatedbackpacks:backpack":1,"iceandfire:silver_ingot":7,"minecraft:cooked_porkchop":17,"minecraft:crafting_table":4,"minecraft:wooden_pickaxe":1,"minecraft:birch_planks":16,"minecraft:stone_axe":1,"minecraft:acacia_boat":1,"minecraft:air":0,"minecraft:oak_boat":1,"portablemobs:basic_capture_cell":2,"minecraft:stick":44,"minecraft:wooden_axe":1,"minecraft:stone_sword":1,"minecraft:acacia_door":3,"minecraft:gold_ingot":30,"minecraft:acacia_planks":160,"minecraft:torch":4,"iceandfire:silver_hoe":1},"minecraft:broken":{"minecraft:stone_pickaxe":2},"minecraft:used":{"iceandfire:lectern":1,"minecraft:azalea":1,"minecraft:oak_fence":4,"minecraft:stone_sword":83,"minecraft:acacia_log":3,"minecraft:chest":6,"minecraft:iron_sword":83,"minecraft:stone_hoe":144,"minecraft:orange_bed":7,"minecraft:torch":20,"minecraft:dirt":1,"minecraft:jungle_sapling":1,"minecraft:wooden_axe":10,"iceandfire:lightning_lily":1,"minecraft:iron_axe":214,"iceandfire:podium_birch":1,"minecraft:furnace":2,"minecraft:acacia_planks":8,"minecraft:acacia_boat":4,"minecraft:oak_planks":1,"minecraft:stone_pickaxe":350,"minecraft:wooden_pickaxe":16,"minecraft:birch_boat":3,"minecraft:white_wool":6,"minecraft:sand":4,"minecraft:crafting_table":9,"minecraft:apple":1,"minecraft:acacia_door":4,"minecraft:iron_pickaxe":81,"minecraft:bread":46,"minecraft:stone_axe":96,"iceandfire:silver_hoe":113,"minecraft:cobblestone":5,"minecraft:cooked_porkchop":5,"minecraft:andesite":57,"minecraft:oak_boat":1,"alexsmobs:animal_dictionary":2,"minecraft:cobweb":5},"minecraft:killed_by":{"iceandfire:myrmex_worker":1,"iceandfire:cyclops":5,"minecraft:iron_golem":5,"iceandfire:sea_serpent":3,"minecraft:zombie":4,"alexsmobs:kangaroo":4,"iceandfire:cockatrice":1,"iceandfire:myrmex_soldier":1},"minecraft:picked_up":{"minecraft:coarse_dirt":1,"minecraft:crafting_table":6,"minecraft:wheat":1,"minecraft:sandstone_slab":1,"iceandfire:fire_lily":2,"minecraft:lead":6,"minecraft:enchanted_book":1,"gravestone:obituary":10,"iceandfire:manuscript":22,"minecraft:string":27,"minecraft:raw_copper":6,"minecraft:acacia_door":1,"minecraft:iron_leggings":1,"minecraft:birch_fence":1,"minecraft:iron_shovel":1,"minecraft:beetroot":11,"iceandfire:bestiary":4,"paraglider:rito_goddess_statue":6,"alexsmobs:emu_feather":1,"minecraft:gold_nugget":526,"farmersdelight:cabbage":9,"iceandfire:myrmex_desert_resin":2,"minecraft:jungle_sapling":1,"minecraft:azalea":3,"minecraft:chest":5,"minecraft:melon_slice":320,"minecraft:sugar_cane":28,"iceandfire:podium_acacia":1,"minecraft:birch_sapling":6,"farmersdelight:cabbage_seeds":29,"unusualprehistory:tar_fossil_item":4,"minecraft:stick":79,"minecraft:sandstone":1,"iceandfire:dragonbone":2,"iceandfire:troll_tusk":1,"minecraft:brown_terracotta":8,"minecraft:oak_fence":8,"minecraft:torch":16,"minecraft:acacia_log":210,"sophisticatedbackpacks:backpack":1,"minecraft:sandstone_wall":1,"minecraft:porkchop":34,"farmersdelight:tomato_seeds":12,"minecraft:carrot":44,"minecraft:orange_bed":8,"iceandfire:lightning_lily":1,"minecraft:rotten_flesh":16,"minecraft:tropical_fish":2,"minecraft:beetroot_seeds":47,"minecraft:hay_block":369,"iceandfire:myrmex_desert_chitin":2,"minecraft:saddle":2,"minecraft:gold_ingot":1,"paraglider:horned_statue":1,"minecraft:obsidian":5,"minecraft:mutton":9,"minecraft:bone_block":38,"alexsmobs:kangaroo_meat":6,"minecraft:white_wool":19,"minecraft:cobblestone":69,"minecraft:birch_log":4,"minecraft:feather":1,"farmersdelight:rice":14,"minecraft:andesite":261,"minecraft:leather":2,"alexsmobs:acacia_blossom":13,"minecraft:birch_planks":11,"minecraft:potato":8,"minecraft:packed_mud":35,"minecraft:oak_log":20,"minecraft:acacia_boat":3,"minecraft:dirt":22,"minecraft:paper":7,"minecraft:cooked_mutton":1,"naturalist:bass":15,"minecraft:acacia_planks":70,"minecraft:apple":5,"iceandfire:pixie_jar_empty":2,"minecraft:kelp":28,"minecraft:wheat_seeds":14,"minecraft:iron_ingot":8,"naturalist:snail_shell":2,"minecraft:iron_sword":1,"minecraft:oak_planks":1,"minecraft:acacia_sapling":82,"iceandfire:copper_nugget":90,"minecraft:birch_boat":2,"minecraft:pumpkin":41,"iceandfire:podium_birch":1,"minecraft:gravel":1,"minecraft:sand":26,"iceandfire:myrmex_stinger":2,"alexsmobs:animal_dictionary":1,"minecraft:mossy_cobblestone":2,"alexsmobs:kangaroo_hide":8,"alexsmobs:guster_eye":1,"minecraft:diamond":2,"iceandfire:lectern":1,"minecraft:honey_block":18,"minecraft:granite":1,"minecraft:emerald":5,"minecraft:oak_sapling":32,"iceandfire:silver_nugget":140,"minecraft:coal":91,"iceandfire:raw_silver":6},"minecraft:mined":{"iceandfire:lightning_lily":1,"iceandfire:silver_ore":3,"minecraft:mossy_cobblestone":2,"iceandfire:copper_pile":15,"farmersdelight:wild_carrots":5,"paraglider:rito_goddess_statue":3,"minecraft:granite":1,"gravestone:gravestone":20,"minecraft:acacia_log":3,"minecraft:grass_block":3,"iceandfire:lectern":2,"farmersdelight:wild_cabbages":15,"minecraft:kelp":1,"minecraft:sandstone":1,"minecraft:hay_block":241,"minecraft:packed_mud":35,"minecraft:carrots":13,"minecraft:iron_ore":3,"minecraft:andesite":203,"minecraft:pumpkin":22,"treechop:chopped_log":30,"minecraft:potatoes":2,"iceandfire:gold_pile":59,"minecraft:azalea":2,"minecraft:stone":50,"minecraft:bone_block":39,"minecraft:orange_bed":7,"iceandfire:pixie_jar_empty":1,"minecraft:sandstone_slab":1,"minecraft:glass_pane":3,"minecraft:kelp_plant":5,"minecraft:blue_stained_glass":23,"iceandfire:podium_acacia":1,"minecraft:oak_fence":4,"minecraft:smooth_sandstone":1,"minecraft:crafting_table":5,"minecraft:torch":6,"minecraft:honey_block":15,"minecraft:melon":32,"minecraft:chest":5,"minecraft:dead_bush":1,"minecraft:lime_carpet":1,"minecraft:copper_ore":2,"minecraft:tall_grass":25,"minecraft:cobblestone":2,"farmersdelight:wild_tomatoes":5,"minecraft:oak_planks":1,"minecraft:sugar_cane":7,"minecraft:wall_torch":9,"farmersdelight:wild_beetroots":15,"minecraft:coarse_dirt":1,"farmersdelight:sandy_shrub":4,"paraglider:horned_statue":1,"minecraft:wheat":5,"iceandfire:podium_birch":1,"unusualprehistory:tar":195,"minecraft:grass":70,"iceandfire:silver_pile":26,"minecraft:oak_log":4,"minecraft:coal_ore":45,"minecraft:beetroots":7,"minecraft:dirt":8,"minecraft:sand":20,"minecraft:acacia_door":1,"minecraft:sandstone_wall":1,"minecraft:cobweb":20,"minecraft:brown_terracotta":8,"minecraft:oak_leaves":17,"minecraft:birch_fence":1,"minecraft:fern":1}},"DataVersion":3465}