{"stats":{"minecraft:used":{"minecraft:stone_sword":27,"minecraft:stone_pickaxe":158,"minecraft:chest":1,"minecraft:wooden_pickaxe":23,"minecraft:iron_sword":8,"minecraft:wooden_shovel":3,"minecraft:stone_hoe":11,"minecraft:orange_bed":9,"minecraft:torch":16,"minecraft:dirt":8,"minecraft:crafting_table":7,"minecraft:bread":8,"minecraft:melon_slice":23,"minecraft:iron_pickaxe":97,"minecraft:stone_axe":10,"minecraft:cobblestone":11,"minecraft:furnace":2,"minecraft:andesite":2,"alexsmobs:animal_dictionary":3},"minecraft:crafted":{"minecraft:wooden_sword":1,"minecraft:oak_planks":12,"minecraft:wooden_shovel":2,"minecraft:crafting_table":4,"minecraft:wooden_pickaxe":3,"minecraft:iron_sword":1,"minecraft:furnace":1,"minecraft:stone_axe":1,"minecraft:stick":48,"minecraft:iron_ingot":5,"minecraft:iron_pickaxe":1,"minecraft:stone_pickaxe":3,"minecraft:stone_sword":2,"minecraft:acacia_planks":68,"minecraft:torch":12},"minecraft:mined":{"minecraft:acacia_leaves":1,"unusualprehistory:deepslate_plant_fossil":3,"minecraft:deepslate_diamond_ore":1,"minecraft:crafting_table":5,"minecraft:torch":11,"gravestone:gravestone":18,"minecraft:granite":9,"minecraft:acacia_log":16,"minecraft:grass_block":1,"minecraft:melon":10,"unusualprehistory:plant_fossil":25,"minecraft:tall_grass":1,"minecraft:cobblestone":10,"minecraft:spruce_leaves":2,"minecraft:deepslate_gold_ore":6,"minecraft:sugar_cane":3,"minecraft:wall_torch":7,"minecraft:furnace":1,"minecraft:iron_ore":44,"minecraft:wheat":33,"minecraft:acacia_wood":2,"minecraft:bell":1,"minecraft:grass":37,"minecraft:oak_log":3,"minecraft:dirt_path":4,"minecraft:deepslate_iron_ore":3,"minecraft:dirt":11,"minecraft:stripped_acacia_wood":1,"minecraft:stone":157,"minecraft:gold_ore":1,"minecraft:deepslate":4,"minecraft:orange_bed":9},"minecraft:picked_up":{"minecraft:wooden_axe":1,"minecraft:crafting_table":7,"minecraft:wheat":11,"minecraft:wooden_pickaxe":2,"minecraft:acacia_wood":3,"minecraft:tuff":2,"minecraft:oak_log":3,"gravestone:obituary":6,"minecraft:dirt":35,"minecraft:wooden_sword":1,"minecraft:bone":1,"minecraft:wheat_seeds":56,"minecraft:cobbled_deepslate":4,"minecraft:raw_gold":7,"minecraft:bell":1,"minecraft:stone_pickaxe":1,"minecraft:iron_ingot":3,"minecraft:iron_pickaxe":1,"unusualprehistory:plant_fossil_item":40,"minecraft:wooden_shovel":1,"minecraft:melon_slice":42,"minecraft:sugar_cane":8,"minecraft:furnace":3,"minecraft:egg":1,"minecraft:raw_iron":53,"minecraft:torch":19,"minecraft:acacia_log":14,"minecraft:stripped_acacia_wood":2,"minecraft:ink_sac":3,"minecraft:grass_block":1,"minecraft:redstone":1,"minecraft:orange_bed":10,"minecraft:arrow":1,"minecraft:stone_sword":1,"minecraft:rotten_flesh":4,"minecraft:diamond":1,"minecraft:stone_axe":1,"minecraft:granite":13,"minecraft:cobblestone":163},"minecraft:custom":{"minecraft:interact_with_furnace":5,"minecraft:mob_kills":9,"minecraft:interact_with_crafting_table":16,"minecraft:damage_dealt_resisted":14,"minecraft:leave_game":5,"minecraft:time_since_death":13665,"minecraft:sleep_in_bed":4,"minecraft:climb_one_cm":1014,"minecraft:time_since_rest":10429,"minecraft:sprint_one_cm":133734,"minecraft:damage_taken":5827,"minecraft:walk_one_cm":242877,"minecraft:drop":41,"minecraft:damage_dealt":1691,"minecraft:swim_one_cm":23772,"minecraft:fly_one_cm":63653,"minecraft:open_chest":2,"minecraft:crouch_one_cm":4082,"minecraft:play_time":120900,"minecraft:deaths":18,"minecraft:sneak_time":4195,"minecraft:walk_under_water_one_cm":18051,"minecraft:jump":870,"minecraft:walk_on_water_one_cm":17013,"minecraft:total_world_time":120900,"minecraft:fall_one_cm":22171},"minecraft:killed":{"born_in_chaos_v1:decrepit_skeleton":1,"born_in_chaos_v1:maggot":1,"minecraft:zombie":4,"alexsmobs:terrapin":1,"born_in_chaos_v1:corpse_fly":1},"minecraft:dropped":{"minecraft:acacia_wood":1,"minecraft:stone_axe":1,"minecraft:stone_sword":1,"minecraft:wheat":1,"minecraft:tall_grass":1,"minecraft:rotten_flesh":3,"minecraft:granite":4,"minecraft:red_terracotta":1,"minecraft:poppy":1,"minecraft:ink_sac":3,"minecraft:wooden_axe":3,"minecraft:oak_sapling":1,"minecraft:wooden_shovel":2,"gravestone:obituary":18,"minecraft:wooden_sword":1,"minecraft:arrow":1,"minecraft:stone_pickaxe":1,"minecraft:wooden_pickaxe":3},"minecraft:killed_by":{"minecraft:player":1}},"DataVersion":3465}