{"stats":{"minecraft:crafted":{"minecraft:oak_planks":44,"minecraft:wooden_shovel":2,"minecraft:crafting_table":2,"minecraft:wooden_pickaxe":5,"minecraft:furnace":1,"minecraft:stone_axe":1,"minecraft:bread":54,"minecraft:stick":32,"minecraft:iron_pickaxe":1,"minecraft:stone_pickaxe":1,"minecraft:wooden_axe":4,"minecraft:acacia_planks":36,"minecraft:stone_hoe":1,"minecraft:wheat":162},"minecraft:used":{"minecraft:leather_leggings":1,"minecraft:stone_pickaxe":21,"minecraft:ender_pearl":1,"minecraft:wooden_pickaxe":94,"minecraft:wooden_shovel":6,"minecraft:stone_hoe":31,"minecraft:rotten_flesh":4,"minecraft:torch":2,"minecraft:dirt":10,"minecraft:crafting_table":4,"minecraft:red_bed":2,"minecraft:wooden_axe":71,"minecraft:bread":5,"minecraft:stone_axe":48,"minecraft:cobblestone":3,"minecraft:hay_block":6,"minecraft:egg":1},"minecraft:mined":{"minecraft:yellow_terracotta":5,"minecraft:spruce_planks":1,"minecraft:acacia_leaves":2,"minecraft:glass_pane":2,"minecraft:red_bed":3,"minecraft:crafting_table":3,"gravestone:gravestone":9,"minecraft:acacia_log":6,"minecraft:grass_block":11,"minecraft:chest":2,"minecraft:spruce_leaves":1,"minecraft:sugar_cane":4,"minecraft:wall_torch":3,"minecraft:hay_block":24,"minecraft:red_terracotta":1,"minecraft:wheat":2,"minecraft:acacia_wood":4,"minecraft:andesite":2,"minecraft:grass":19,"minecraft:oak_log":11,"minecraft:coal_ore":12,"minecraft:dirt_path":4,"minecraft:dirt":32,"minecraft:stone":74,"minecraft:stripped_acacia_wood":1,"minecraft:oak_leaves":3},"minecraft:picked_up":{"minecraft:wooden_axe":1,"minecraft:crafting_table":2,"minecraft:feather":1,"minecraft:andesite":2,"minecraft:wooden_pickaxe":1,"minecraft:acacia_wood":4,"minecraft:oak_log":13,"minecraft:dirt":39,"minecraft:red_bed":2,"minecraft:bone":3,"minecraft:wheat_seeds":12,"alexsmobs:emu_feather":2,"minecraft:spruce_planks":1,"minecraft:iron_ingot":4,"minecraft:stone_pickaxe":1,"minecraft:tall_grass":1,"minecraft:poppy":1,"minecraft:sugar_cane":13,"minecraft:chest":2,"minecraft:acacia_sapling":7,"minecraft:egg":4,"minecraft:torch":4,"minecraft:acacia_log":6,"minecraft:stripped_acacia_wood":1,"minecraft:grass_block":1,"minecraft:red_terracotta":1,"minecraft:arrow":1,"minecraft:rotten_flesh":4,"minecraft:hay_block":24,"minecraft:yellow_terracotta":4,"minecraft:bread":7,"minecraft:oak_sapling":1,"minecraft:coal":12,"minecraft:cobblestone":76,"minecraft:ender_pearl":1},"minecraft:broken":{"minecraft:wooden_axe":1},"minecraft:custom":{"minecraft:mob_kills":7,"minecraft:interact_with_crafting_table":14,"minecraft:damage_dealt_resisted":4,"minecraft:leave_game":3,"minecraft:time_since_death":826,"minecraft:sleep_in_bed":7,"minecraft:time_since_rest":855,"minecraft:sprint_one_cm":86032,"minecraft:damage_taken":3812,"minecraft:walk_one_cm":167313,"minecraft:drop":9,"minecraft:damage_dealt":2914,"minecraft:swim_one_cm":45508,"minecraft:player_kills":1,"minecraft:fly_one_cm":58110,"minecraft:open_chest":5,"minecraft:crouch_one_cm":988,"minecraft:play_time":61457,"minecraft:deaths":11,"minecraft:sneak_time":764,"minecraft:walk_under_water_one_cm":3823,"minecraft:jump":549,"minecraft:walk_on_water_one_cm":8004,"minecraft:total_world_time":61457,"minecraft:fall_one_cm":31451},"minecraft:killed":{"born_in_chaos_v1:zombie_lumberjack":1,"alexsmobs:seal":1,"minecraft:iron_golem":1,"born_in_chaos_v1:decrepit_skeleton":1,"alexsmobs:emu":1,"minecraft:skeleton":1,"minecraft:enderman":1},"minecraft:dropped":{"minecraft:wooden_axe":1,"gravestone:obituary":5,"minecraft:stone_pickaxe":1,"minecraft:wooden_pickaxe":2}},"DataVersion":3465}